Advance Auto Parts Can Drive Higher Even In A Recession,"Seeking ProfitsSat, Oct. 153 Comments"
Advance Auto Parts: Buy The Drop On This Dividend Grower,"Gen AlphaFri, Aug. 265 Comments"
Advance Auto Parts: The Current Environment May Spark Long-Term Growth,"Ben HowardSat, Jul. 02"
Advance Auto Parts: Old Vehicles Require Continued Maintenance,"Justin PurohitMon, May 30"
Stocks To Watch: Investors Eye Catching Falling Knives Vs. Oversold Values,"SA Stocks To WatchSat, May 2133 Comments"
Holding On To Advanced Auto Parts Is Presently The Way To Go,"Stocks TelegraphWed, May 111 Comment"
"Advance Auto Parts: Strong DIFM Presence, Margin Expansion Potential And Favourable Macros","GS AnalyticsWed, Feb. 23"
Advance Auto Parts: Buy The Dip In This Great Trading Stock,"Quad 7 CapitalTue, Feb. 153 Comments"
Advance Auto Parts: Still Expensive And Still Offering Upside,"Daniel JonesTue, Dec. 07, 20212 Comments"
Advance Auto Parts: The Growth Story Continues,"Quad 7 CapitalWed, Aug. 25, 20213 Comments"
"Stocks To Watch: Tesla Event, Facebook's F-8 And Cinema Names","SA Stocks To WatchSat, May 29, 202127 Comments"
Advance Auto Parts: Perpetual Unrealized Potential,"Carlton Getz, CFATue, May 25, 20211 Comment"
Advance Auto Parts: Positive Strategic Update Paves The Way For Upside Ahead,"Opal Investment ResearchFri, May 14, 20212 Comments"
"Stocks To Watch: Apple Event, Disney Callout And Earnings Blitz","SA Stocks To WatchSat, Apr. 17, 202152 Comments"
Advance Auto Parts: Driving Change To The Business Model,"Michael A. Gayed, CFAThu, Feb. 11, 20216 Comments"
Advance Auto Parts: Still Growing,"Quad 7 CapitalTue, Nov. 10, 2020"
"Advance Auto Parts Benefits From COVID-19, Strong Momentum Ahead","ValueZenMon, Aug. 24, 2020"